,Title,Ouvintes
0,Californication,1.987.134 ouvintes
1,Under the Bridge,1.879.482 ouvintes
2,Scar Tissue,1.669.300 ouvintes
3,Otherside,1.645.027 ouvintes
4,Dani California,1.522.809 ouvintes
5,Can't Stop,1.441.004 ouvintes
6,By the Way,1.348.798 ouvintes
7,Snow (Hey Oh),1.102.479 ouvintes
8,Give It Away,1.021.202 ouvintes
9,Around the World,896.434 ouvintes
10,Parallel Universe,873.325 ouvintes
11,The Zephyr Song,858.105 ouvintes
12,Road Trippin',829.076 ouvintes
13,Tell Me Baby,764.404 ouvintes
14,Suck My Kiss,740.489 ouvintes
15,Universally Speaking,650.970 ouvintes
16,Breaking the Girl,647.989 ouvintes
17,Easily,624.289 ouvintes
18,Hump de Bump,573.716 ouvintes
19,Stadium Arcadium,571.346 ouvintes
20,Get on Top,568.678 ouvintes
21,Soul to Squeeze,552.758 ouvintes
22,Porcelain,540.124 ouvintes
23,Charlie,539.671 ouvintes
24,This Velvet Glove,529.653 ouvintes
25,My Friends,528.041 ouvintes
26,Dosed,521.034 ouvintes
27,Higher Ground,520.346 ouvintes
28,Don't Forget Me,515.991 ouvintes
29,Wet Sand,508.266 ouvintes
30,Slow Cheetah,496.991 ouvintes
31,Desecration Smile,492.652 ouvintes
32,Emit Remmus,472.466 ouvintes
33,I Could Die for You,467.716 ouvintes
34,I Like Dirt,466.204 ouvintes
35,Especially in Michigan,464.257 ouvintes
36,Strip My Mind,462.729 ouvintes
37,Purple Stain,458.231 ouvintes
38,Hard to Concentrate,458.193 ouvintes
39,Snow ((Hey Oh)),455.185 ouvintes
40,Torture Me,455.071 ouvintes
41,Right on Time,441.352 ouvintes
42,Savior,437.732 ouvintes
43,This Is the Place,428.073 ouvintes
44,Hey,419.629 ouvintes
45,She Looks to Me,417.782 ouvintes
46,Throw Away Your Television,415.418 ouvintes
47,Aeroplane,411.510 ouvintes
48,21st Century,409.117 ouvintes
49,She's Only 18,407.672 ouvintes
50,I Could Have Lied,404.719 ouvintes
51,Dark Necessities,402.325 ouvintes
52,Warlocks,399.159 ouvintes
53,Cabron,391.552 ouvintes
54,Midnight,389.676 ouvintes
55,The Adventures of Rain Dance Maggie,387.854 ouvintes
56,Make You Feel Better,386.375 ouvintes
57,Fortune Faded,376.780 ouvintes
58,Minor Thing,368.082 ouvintes
59,On Mercury,367.648 ouvintes
60,Readymade,367.030 ouvintes
61,Venice Queen,365.594 ouvintes
62,Tear,357.278 ouvintes
63,If,356.151 ouvintes
64,If You Have to Ask,349.754 ouvintes
65,Animal Bar,349.456 ouvintes
66,C'mon Girl,346.263 ouvintes
67,Death of a Martian,344.548 ouvintes
68,The Power of Equality,342.179 ouvintes
69,Storm in a Teacup,341.984 ouvintes
70,Blood Sugar Sex Magik,339.915 ouvintes
71,So Much I,336.323 ouvintes
72,Funky Monks,330.818 ouvintes
73,We Believe,330.103 ouvintes
74,Turn It Again,329.126 ouvintes
75,Warm Tape,309.825 ouvintes
76,Mellowship Slinky in B Major,296.694 ouvintes
77,Naked in the Rain,295.195 ouvintes
78,Apache Rose Peacock,284.191 ouvintes
79,The Greeting Song,271.373 ouvintes
80,My Lovely Man,267.638 ouvintes
81,Sir Psycho Sexy,264.499 ouvintes
82,Look Around,258.891 ouvintes
83,The Righteous & The Wicked,253.427 ouvintes
84,Monarchy of Roses,245.481 ouvintes
85,They're Red Hot,244.897 ouvintes
86,Brendan's Death Song,225.925 ouvintes
87,Save the Population,223.491 ouvintes
88,Factory of Faith,222.404 ouvintes
89,Warped,198.944 ouvintes
90,Ethiopia,196.619 ouvintes
91,Did I Let You Know,194.271 ouvintes
92,Annie Wants a Baby,185.492 ouvintes
93,Police Station,183.824 ouvintes
94,The Getaway,183.790 ouvintes
95,Pea,182.626 ouvintes
96,Coffee Shop,182.255 ouvintes
97,Knock Me Down,178.156 ouvintes
98,Goodbye Angels,174.165 ouvintes
99,Fight Like a Brave,172.125 ouvintes
100,Walkabout,171.740 ouvintes
101,Goodbye Hooray,167.945 ouvintes
102,Happiness Loves Company,167.468 ouvintes
103,Sick Love,166.928 ouvintes
104,Tearjerker,165.858 ouvintes
105,Black Summer,163.576 ouvintes
106,Go Robot,163.220 ouvintes
107,Meet Me at the Corner,161.250 ouvintes
108,Fire,160.046 ouvintes
109,Even You Brutus?,157.263 ouvintes
110,Deep Kick,154.619 ouvintes
111,"Dance, Dance, Dance",153.420 ouvintes
112,Taste the Pain,149.052 ouvintes
113,The Longest Wave,147.540 ouvintes
114,Falling Into Grace,143.781 ouvintes
115,One Big Mob,143.524 ouvintes
116,Pretty Little Ditty,143.449 ouvintes
117,One Hot Minute,140.965 ouvintes
118,Transcending,139.387 ouvintes
119,Road Trippin,134.159 ouvintes
120,Backwoods,132.355 ouvintes
121,If You Want Me to Stay,129.286 ouvintes
122,Shallow Be Thy Game,128.371 ouvintes
123,We Turn Red,126.223 ouvintes
124,Good Time Boys,121.392 ouvintes
125,Behind the Sun,120.838 ouvintes
126,Catholic School Girls Rule,118.369 ouvintes
127,True Men Don't Kill Coyotes,117.441 ouvintes
128,Subway to Venus,116.636 ouvintes
129,Higher Ground - Remastered,112.402 ouvintes
130,Magic Johnson,111.228 ouvintes
131,Nobody Weird Like Me,110.877 ouvintes
132,Detroit,107.423 ouvintes
133,Feasting on the Flowers,104.635 ouvintes
134,Stone Cold Bush,104.478 ouvintes
135,Sexy Mexican Maid,104.369 ouvintes
136,Get Up and Jump,104.250 ouvintes
137,Jungle Man,103.592 ouvintes
138,Encore,100.611 ouvintes
139,The Brothers Cup,98.284 ouvintes
140,Punk Rock Classic,98.234 ouvintes
141,Funky Crime,91.562 ouvintes
142,"Johnny, Kick a Hole in the Sky",89.035 ouvintes
143,Me and My Friends,88.097 ouvintes
144,Higher Ground - 2003 - Remaster,87.881 ouvintes
145,Havana Affair,86.821 ouvintes
146,This Ticonderoga,85.976 ouvintes
147,Freaky Styley,85.948 ouvintes
148,Love Rollercoaster,85.522 ouvintes
149,The Hunter,85.187 ouvintes
150,American Ghost Dance,83.802 ouvintes
151,Nevermind,83.209 ouvintes
152,Subterranean Homesick Blues,80.930 ouvintes
153,Yertle the Turtle,80.598 ouvintes
154,Skinny Sweaty Man,80.296 ouvintes
155,Blackeyed Blonde,80.076 ouvintes
156,Dreams of a Samurai,79.786 ouvintes
157,Lovin' and Touchin',79.251 ouvintes
158,Sex Rap,79.135 ouvintes
159,Poster Child,78.325 ouvintes
160,Show Me Your Soul,77.804 ouvintes
161,Hollywood,77.486 ouvintes
162,Love Trilogy,74.517 ouvintes
163,No Chump Love Sucker,73.946 ouvintes
164,Walkin' on Down the Road,73.674 ouvintes
165,Police Helicopter,73.350 ouvintes
166,Baby Appeal,73.045 ouvintes
167,Out in L.A.,73.005 ouvintes
168,Why Don't You Love Me,72.793 ouvintes
169,Buckle Down,72.669 ouvintes
170,Organic Anti-Beat Box Band,72.582 ouvintes
171,Here Ever After,71.097 ouvintes
172,Me & My Friends,70.504 ouvintes
173,Not the One,67.865 ouvintes
174,Green Heaven,67.491 ouvintes
175,Special Secret Song Inside,66.525 ouvintes
176,Grand Pappy du Plenty,63.929 ouvintes
177,Aquatic Mouth Dance,63.918 ouvintes
178,Mommy Where's Daddy,62.670 ouvintes
179,Battle Ship,61.660 ouvintes
180,These Are the Ways,61.248 ouvintes
181,Hollywood (Africa),55.220 ouvintes
182,She's a Lover,51.506 ouvintes
183,Intro,50.837 ouvintes
184,Snow,50.498 ouvintes
185,The Great Apes,50.351 ouvintes
186,It's Only Natural,50.131 ouvintes
187,She’s Only 18,49.451 ouvintes
188,I Feel Love,48.761 ouvintes
189,Brandy,47.369 ouvintes
190,Tippa My Tongue,46.132 ouvintes
191,Gong Li,46.098 ouvintes
192,C’mon Girl,45.181 ouvintes
193,Rolling Sly Stone,45.053 ouvintes
194,Teenager in Love,44.184 ouvintes
195,Millionaires Against Hunger,43.621 ouvintes
196,Leverage of Space,43.209 ouvintes
197,Whatchu Thinkin',42.252 ouvintes
198,White Braids & Pillow Chair,39.952 ouvintes
199,Search and Destroy,39.923 ouvintes
200,Castles Made of Sand (Live),39.918 ouvintes
201,Drum Homage Medley,39.861 ouvintes
202,Bastards of Light,38.970 ouvintes
203,Time,38.403 ouvintes
204,The Righteous And The Wicked,38.078 ouvintes
205,One Way Traffic,37.231 ouvintes
206,Sikamikanico,37.170 ouvintes
207,Veronica,36.485 ouvintes
208,The Heavy Wing,36.402 ouvintes
209,Pretty Little Ditty - Remastered,35.749 ouvintes
210,Deck the Halls,35.552 ouvintes
211,Let 'em Cry,34.981 ouvintes
212,Tangelo,34.346 ouvintes
213,Black Cross,34.073 ouvintes
214,Flea Fly,33.079 ouvintes
215,Pretty Little Ditty - 2003 Digital Remaster,32.911 ouvintes
216,Johnny Kick A Hole In The Sky,31.976 ouvintes
217,Flea's Trumpet Treated by John,30.737 ouvintes
218,Blues for Meister,30.689 ouvintes
219,Million Miles of Water,29.528 ouvintes
220,Nerve Flip,28.510 ouvintes
221,Eskimo,28.502 ouvintes
222,Quixoticelixer - 2006 Remaster,28.311 ouvintes
223,Bunker Hill,28.215 ouvintes
224,Nobody Weird Like Me - Remastered,27.706 ouvintes
225,Nevermind (Demo Version),26.990 ouvintes
226,Out in L.A. (Demo Version),26.600 ouvintes
227,Sex Rap (Demo Version),26.180 ouvintes
228,Behind the Sun (Ben Grosse Remix),26.073 ouvintes
229,What It Is,25.989 ouvintes
230,Quixoticelixer - Bonus Track,25.984 ouvintes
231,Pink as Floyd,25.334 ouvintes
232,How Strong,25.308 ouvintes
233,Rivers of Avalon,25.279 ouvintes
234,Police Helicopter (Demo Version),24.435 ouvintes
235,Green Heaven (Demo Version),23.967 ouvintes
236,Scartissue,23.565 ouvintes
237,If You Want Me to Stay (Pink Mustang Mix),23.135 ouvintes
238,Out of Range,23.058 ouvintes
239,EDDIE,22.980 ouvintes
240,Out In L.A. - 2002 Digital Remaster,22.738 ouvintes
241,Over Funk - Bonus Track,22.277 ouvintes
242,Fat Dance - Bonus Track,22.185 ouvintes
243,Snow (Hey Oh) - Hey Oh Album Version,22.159 ouvintes
244,Melancholy Mechanics,22.026 ouvintes
245,Knock Me Down - 2003 Digital Remaster,21.791 ouvintes
246,Over Funk - 2006 Remaster,21.486 ouvintes
247,A Teenager In Love,21.429 ouvintes
248,Fela's Cock,20.891 ouvintes
249,Someone,20.619 ouvintes
250,Fat Dance - 2006 Remaster,20.595 ouvintes
251,Instrumental #1,20.577 ouvintes
252,Power of Equality,20.546 ouvintes
253,Bicycle Song - Bonus Track,20.413 ouvintes
254,Rollercoaster of Love,20.363 ouvintes
255,Crosstown Traffic (Live),20.310 ouvintes
256,Castles Made of Sand - 2006 Remaster,20.281 ouvintes
257,Magpies on Fire,20.087 ouvintes
258,Special Secret Song Inside (Live),20.027 ouvintes
259,Let's Make Evil,19.668 ouvintes
260,Christchurch Fireworks Music (live),19.165 ouvintes
261,Body of Water,19.071 ouvintes
262,Runaway - Bonus Track,19.031 ouvintes
263,Love of Your Life,18.856 ouvintes
264,I Get Around - Live,18.609 ouvintes
265,Freaky Styley (original Long version),18.394 ouvintes
266,Bicycle Song - 2006 Remaster,18.205 ouvintes
267,Lately,18.171 ouvintes
268,Knock Me Down (Original Long Version),18.138 ouvintes
269,Fat Dance,18.033 ouvintes
270,Search & Destroy,17.736 ouvintes
271,Salute to Kareem (demo),17.719 ouvintes
272,Catch My Death,17.354 ouvintes
273,Never Is a Long Time,17.249 ouvintes
274,Sexy Mexican Maid (Original Long Version),17.092 ouvintes
275,Knock Me Down - Remastered,16.929 ouvintes
276,Me and My Friends (instrumental demo),16.587 ouvintes
277,Strange Man,16.447 ouvintes
278,Song That Made Us What We Are Today (Demo),16.330 ouvintes
279,Nobody Weird Like Me (live),16.321 ouvintes
280,Runaway - 2006 Remaster,16.140 ouvintes
281,Good Time Boys - 2003 Digital Remaster,15.850 ouvintes
282,Long Progression,15.643 ouvintes
283,Slowly Deeply,15.526 ouvintes
284,Get Up and Jump (Demo Version),15.462 ouvintes
285,Little Miss Lover - 2006 Remaster,15.400 ouvintes
286,Good Time Boys - Remastered,15.298 ouvintes
287,Funny Face,15.236 ouvintes
288,Whatever We Want,15.174 ouvintes
289,Victorian Machinery,14.974 ouvintes
290,In Love Dying,14.915 ouvintes
291,Hollywood (Africa) (Extended Dance Mix),14.359 ouvintes
292,Nobody Weird Like Me - 2003 Digital Remaster,14.315 ouvintes
293,Stretch,14.302 ouvintes
294,Battleship,14.157 ouvintes
295,If You Have to Ask (Live),13.973 ouvintes
296,Subway To Venus - Remastered,13.948 ouvintes
297,Hometown Gypsy,13.903 ouvintes
298,Castles Made of Sand,13.695 ouvintes
299,Castles Made Of Sand - Bonus Track,13.659 ouvintes
300,"Higher Ground (12"" Vocal Mix)",13.620 ouvintes
301,Little Miss Lover - Bonus Track,13.534 ouvintes
302,"Blood, Sugar, Sex, Magik",13.503 ouvintes
303,Jungleman,13.477 ouvintes
304,F.U. (Live),13.404 ouvintes
305,Subway To Venus - 2003 Digital Remaster,13.326 ouvintes
306,Taste The Pain - Remastered,13.324 ouvintes
307,Police Helicopter - 2002 Digital Remaster,13.253 ouvintes
308,Buckle Down - 2002 Digital Remaster,13.226 ouvintes
309,Teatro Jam,13.222 ouvintes
310,How It Ends,13.183 ouvintes
311,I Found Out,13.133 ouvintes
312,Shallow Be Thy Name,13.043 ouvintes
313,The Sunset Sleeps,13.013 ouvintes
314,Mercy Mercy,12.746 ouvintes
315,F. U. (live),12.629 ouvintes
316,Bicycle Song,12.609 ouvintes
317,Why Don't You Love Me - 2002 Digital Remaster,12.563 ouvintes
318,I'll Be Your Domino,12.394 ouvintes
319,Higher Ground (Daddy-O mix),12.260 ouvintes
320,True Men Don't Kill Coyotes - 2002 Digital Remaster,12.229 ouvintes
321,Taste The Pain - 2003 Digital Remaster,12.174 ouvintes
322,Intro + By The Way,12.155 ouvintes
323,"Audio Commentary For ""Stadium Arcadium"" - Short Version",12.034 ouvintes
324,This Is the Kitt,11.941 ouvintes
325,Sex Rap (demo),11.881 ouvintes
326,Your Eyes Girl,11.857 ouvintes
327,Mommy Where's Daddy - 2002 Digital Remaster,11.813 ouvintes
328,Nevermind (demo),11.768 ouvintes
329,Quixoticelixer,11.633 ouvintes
330,Stone Cold Bush - Remastered,11.450 ouvintes
331,Party on Your Pussy,11.354 ouvintes
332,If You Want Me To Stay - Remastered,11.313 ouvintes
333,Magic Johnson - Remastered,11.311 ouvintes
334,Give It Away (Edit),11.287 ouvintes
335,Magic Johnson - 2003 Digital Remaster,11.283 ouvintes
336,Havana Affair [Ramones],11.269 ouvintes
337,Fire - 2003 Digital Remaster,11.256 ouvintes
338,Police Helicopter (demo),11.242 ouvintes
339,Everybody Knows This Is Nowhere - Live,11.229 ouvintes
340,Bullet proof,11.056 ouvintes
341,Get Up and Jump (demo),11.005 ouvintes
342,Fire - Remastered,10.998 ouvintes
343,A Certain Someone,10.977 ouvintes
344,Higher Ground - 2003 Digital Remaster,10.898 ouvintes
345,Stone Cold Bush - 2003 Digital Remaster;,10.880 ouvintes
346,Don't Forget Me (live),10.848 ouvintes
347,Fire [Jimi Hendrix],10.786 ouvintes
348,Scar Tissue (Album Version),10.779 ouvintes
349,Universally Speaking (Remix Version),10.756 ouvintes
350,Higher Ground [Steve Wonder],10.505 ouvintes
351,Road Trippin' (Uden Strings),10.482 ouvintes
352,True Men Don´t Kill Coyotes,10.447 ouvintes
353,Behind The Sun (instrumental demo),10.367 ouvintes
354,Suterranen Homesick Blues,10.351 ouvintes
355,They're Red Hot [Robert Johnson],10.327 ouvintes
356,Save This Lady,10.251 ouvintes
357,Tiny Dancer [Live] [Elton John],10.223 ouvintes
358,Fox on the run,10.206 ouvintes
359,Hanalei,10.200 ouvintes
360,If You Have to Ask (Friday Night Fever Blister mix),10.189 ouvintes
361,Get Up And Jump - 2002 Digital Remaster,10.179 ouvintes
362,Search And Destroy [Iggy Pop & The Stooges],10.031 ouvintes
363,Improvisation,9.941 ouvintes
364,Subterranean Homesick Blues [Bob Dylan],9.909 ouvintes
365,Castles Made Of Sand [Live] [Jimi Hendrix],9.902 ouvintes
366,Dr. Funkenstein [Live] [Parliement],9.574 ouvintes
367,freaky styley jam,9.573 ouvintes
368,Organic Anti Beat Box,9.540 ouvintes
369,Fight Like A Brave - 2003 Digital Remaster;,9.539 ouvintes
370,Black Eyed Blonde,9.443 ouvintes
371,Sexy Mexican Maid - 2003 Digital Remaster,9.368 ouvintes
372,Punk Rock Classic - Remastered,9.356 ouvintes
373,Out in L.A. (demo),9.330 ouvintes
374,How Long,9.253 ouvintes
375,Little Miss Lover,9.247 ouvintes
376,Parallel universe (alternate),9.193 ouvintes
377,Punk Rock Classic - 2003 Digital Remaster,9.160 ouvintes
378,"By The Way (Live Acoustic Version) (Recorded 08/07 Toronto, Canada)",9.089 ouvintes
379,Sexy Mexican Maid - Remastered,9.080 ouvintes
380,Goodbye Angels - Video Version,9.058 ouvintes
381,Crosstown Traffic (J.Hendrix),9.039 ouvintes
382,Brave From Afar,9.012 ouvintes
383,Snow [Hey Oh] (Album Version),9.012 ouvintes
384,If You Have to Ask (Scott & Garth Mix),8.971 ouvintes
385,Castles Made Of Sand - live,8.970 ouvintes
386,"Johnny, Kick A Hole In The Sky - 2003 Digital Remaster",8.970 ouvintes
387,Why Don't You Love Me [Hank Williams],8.960 ouvintes
388,Right on time (alternate),8.952 ouvintes
389,Sound & Vision,8.928 ouvintes
390,Yertle Trilogy,8.848 ouvintes
391,"Johnny, Kick A Hole In The Sky - Remastered",8.773 ouvintes
392,Parallel Universe/The End,8.772 ouvintes
393,Green Heaven (demo),8.752 ouvintes
394,Joe,8.731 ouvintes
395,Open/Close,8.694 ouvintes
396,Jungle Man - Remastered,8.690 ouvintes
397,Castles (J. Hendrix),8.668 ouvintes
398,Nobody,8.667 ouvintes
399,Rollercoaster,8.666 ouvintes
400,Otherside (Album Version),8.658 ouvintes
401,Road Trippin´,8.653 ouvintes
402,Jungle Man - 2003 Digitally Remastered,8.647 ouvintes
403,If You Want Me To Stay - 2003 Digitally Remastered,8.620 ouvintes
404,Hollywood [Meters],8.535 ouvintes
405,Suffragette City - Live,8.503 ouvintes
406,Baby Appeal - 2002 Digital Remaster,8.493 ouvintes
407,Stone Cold Bush (feat. D.H. Peligro),8.484 ouvintes
408,Salute To Kareem,8.470 ouvintes
409,Lovin' And Touchin' - Remastered,8.273 ouvintes
410,Get Up And Jump - 2002 Digital Remastser;,8.273 ouvintes
411,Hollywood [Extended Dance Mix],8.272 ouvintes
412,C****n,8.239 ouvintes
413,Higher Ground [Daddyo Mix],8.179 ouvintes
414,Higher Ground (12' Vocal Mix),8.164 ouvintes
415,Out In L.A. - 2002 Digital Remastser;,8.095 ouvintes
416,Let's Make Evil - Bonus Track,8.051 ouvintes
417,Slowly Deeply (Non-Album Version),7.939 ouvintes
418,Song That Made Us What We Are Today,7.933 ouvintes
419,Funky Time Sequel / Party On Your Pussy / Me And My Friends,7.876 ouvintes
420,Over Funk,7.842 ouvintes
421,Catholic School Girls Rule - Remastered,7.822 ouvintes
422,Bob,7.812 ouvintes
423,Hollywood (Africa) - Remastered,7.715 ouvintes
424,Hollywood (Africa) - 2003 Digitally Remastered,7.694 ouvintes
425,Stretch You Out - Bonus Track,7.670 ouvintes
426,American Ghost Dance - Remastered,7.618 ouvintes
427,Audio Commentary For Stadium Arcadium - Short Version,7.611 ouvintes
428,I Wanna Be Your Dog,7.603 ouvintes
429,Knock Me Down (Edit),7.578 ouvintes
430,Bob - Bonus Track,7.561 ouvintes
431,Yertle The Turtle - Remastered,7.428 ouvintes
432,Get Up And Jimup (Demo Version),7.397 ouvintes
433,Knock Me Down - Original Long Version,7.366 ouvintes
434,Snow (Hey Oh) (OST Scrubs/Клиника),7.320 ouvintes
435,Funky Monks (Live),7.318 ouvintes
436,Hollywood (Africa) {Extended Dance Mix},7.301 ouvintes
437,True Men Don't Kill Coyotes - 24-Bit Digitally Remastered 02,7.279 ouvintes
438,True Men Don't Kill Coyotes (24-Bit Digitally Remastered 02),7.211 ouvintes
439,Song That Made Us What We Are Today - Demo;,7.066 ouvintes
440,Green Heaven - 2002 Digital Remaster,7.038 ouvintes
441,American Ghost Dance - 2003 Digital Remastered,7.030 ouvintes
442,Stone Cold Busch,7.025 ouvintes
443,Freaky Styley - Remastered,7.014 ouvintes
444,What Is Soul (Live),6.994 ouvintes
445,Castles Made Of Sand - Live;,6.836 ouvintes
446,Runaway,6.772 ouvintes
447,Quixoticelixer (Bonus Track),6.718 ouvintes
448,Blackeyed Blonde - Remastered,6.670 ouvintes
449,Freaky Styley - 2003 Digitally Remastered,6.655 ouvintes
450,Sexy Mexican Maid - Original Long Version,6.611 ouvintes
451,Catholic School Girls Rule - 2003 Digitally Remastered,6.527 ouvintes
452,The Brothers Cup - Remastered,6.508 ouvintes
453,Salute To Kareem - Demo,6.493 ouvintes
454,Search and Destroy (Live),6.451 ouvintes
455,Yertle The Turtle - 2003 Digitally Remastered,6.446 ouvintes
456,Baby Appeal - 2002 Digital Remastser;,6.444 ouvintes
457,Nevermind - Remastered,6.405 ouvintes
458,Havana Affair - 2012 Remaster,6.342 ouvintes
459,Me And My Friends - 2003 Digital Remaster,6.301 ouvintes
460,Crosstown Traffic - Live;,6.229 ouvintes
461,The Brothers Cup - 2003 Digitally Remastered,6.162 ouvintes
462,Blackeyed Blonde - 2003 Digitally Remastered,6.137 ouvintes
463,Nevermind - 2003 Digitally Remastered,6.019 ouvintes
464,Skinny Sweater Man/Green Heaven,6.010 ouvintes
465,Behind The Sun - 2003 Digital Remaster,5.897 ouvintes
466,Lovin' And Touchin' - 2003 Digitally Remastered,5.776 ouvintes
467,Sex Rap - Remastered,5.750 ouvintes
468,Subterranean Homesick Blues - 2003 Digital Remaster,5.727 ouvintes
469,Grand Pappy Du Plenty - 2002 Digital Remaster,5.669 ouvintes
470,Funky Crime - 2003 Digital Remaster;,5.666 ouvintes
471,Police Helicoptor,5.651 ouvintes
472,Sex Rap - 2003 Digitally Remastered,5.628 ouvintes
473,I Could Have Lied (Live),5.458 ouvintes
474,Give It Away (Live),5.452 ouvintes
475,Backwoods - 2003 Digital Remaster,5.439 ouvintes
476,Suck My Kiss (Live),5.421 ouvintes
477,Tiny Dancer,5.385 ouvintes
478,Crosstown Traffic - Live,5.353 ouvintes
479,Battle Ship - Remastered,5.310 ouvintes
480,Can't Stop (Offical),5.310 ouvintes
481,Green Heaven,5.275 ouvintes
482,Green Heaven - 2002 Digital Remastser;,5.209 ouvintes
483,Battle Ship - 2003 Digitally Remastered,5.174 ouvintes
484,Skinny Sweaty Man - 2003 Digital Remaster,5.172 ouvintes
485,Castles Made of Sand [Live],5.151 ouvintes
486,Bob - 2006 Remaster,4.979 ouvintes
487,Lately (Non-Album Track),4.947 ouvintes
488,Let's Make Evil - 2006 Remaster,4.921 ouvintes
489,Special Secret Song Inside - 2003 Digital Remaster,4.880 ouvintes
490,Stretch You Out,4.866 ouvintes
491,Buckle Down,4.850 ouvintes
492,Mommy Where's Daddy,4.838 ouvintes
493,Funny Face (Non-Album Track),4.813 ouvintes
494,Fight Like A Brave (2003 Digital Remaster) (),4.810 ouvintes
495,Bob (Bonus Track),4.790 ouvintes
496,Get Up And Jump (2002 Digital Remastser) (),4.789 ouvintes
497,Grand Pappy Du Plenty,4.728 ouvintes
498,Dani California (Album Version),4.700 ouvintes
499,Stretch You Out - 2006 Remaster,4.690 ouvintes
